Date,Open,High,Low,Close,Volume,Dividends,Stock Splits
2021-01-08,11.850000381469727,12.770000457763672,11.850000381469727,12.0,16588000,0,0
2021-01-11,12.5,13.34000015258789,12.350000381469727,13.010000228881836,4882900,0,0
2021-01-12,13.050000190734863,13.670000076293945,13.020000457763672,13.180000305175781,1995300,0,0
2021-01-13,13.640000343322754,13.75,12.989999771118164,13.050000190734863,1918400,0,0
2021-01-14,13.989999771118164,14.25,13.0,13.239999771118164,3288600,0,0
2021-01-15,13.25,13.380000114440918,13.074999809265137,13.279999732971191,1834900,0,0
2021-01-19,13.680000305175781,13.739999771118164,13.350000381469727,13.4399995803833,2865100,0,0
2021-01-20,13.529999732971191,13.729999542236328,13.399999618530273,13.449999809265137,1013600,0,0
2021-01-21,13.640000343322754,13.6899995803833,13.229999542236328,13.25,959700,0,0
2021-01-22,13.239999771118164,13.239999771118164,13.020000457763672,13.0600004196167,1415800,0,0
2021-01-25,13.25,13.550000190734863,13.0600004196167,13.069999694824219,1622300,0,0
2021-01-26,13.300000190734863,13.3100004196167,12.979999542236328,13.039999961853027,2041100,0,0
2021-01-27,12.84000015258789,13.0,12.569999694824219,12.729999542236328,1923700,0,0
2021-01-28,12.720000267028809,13.069999694824219,12.619999885559082,12.800000190734863,1011600,0,0
2021-01-29,12.75,13.149999618530273,12.65999984741211,13.0,922700,0,0
2021-02-01,13.130000114440918,13.25,12.859999656677246,13.239999771118164,904600,0,0
2021-02-02,13.25,13.25,13.069999694824219,13.229999542236328,594500,0,0
2021-02-03,13.25,13.720000267028809,13.199999809265137,13.65999984741211,646500,0,0
2021-02-04,13.760000228881836,14.039999961853027,13.420000076293945,13.460000038146973,668500,0,0
2021-02-05,13.680000305175781,13.829999923706055,13.369999885559082,13.399999618530273,608000,0,0
2021-02-08,14.050000190734863,14.100000381469727,13.729999542236328,13.84000015258789,1068700,0,0
2021-02-09,13.899999618530273,14.180000305175781,13.75,14.079999923706055,930000,0,0
2021-02-10,14.079999923706055,15.050000190734863,14.039999961853027,14.350000381469727,1191400,0,0
2021-02-11,14.59000015258789,14.670000076293945,14.199999809265137,14.5,1669000,0,0
2021-02-12,14.380000114440918,14.380000114440918,14.100000381469727,14.199999809265137,424400,0,0
2021-02-16,14.149999618530273,14.494000434875488,13.949999809265137,14.039999961853027,668100,0,0
2021-02-17,14.100000381469727,14.199999809265137,13.850000381469727,14.0,427000,0,0
2021-02-18,13.899999618530273,14.140000343322754,13.720999717712402,13.989999771118164,260900,0,0
2021-02-19,14.170000076293945,14.175000190734863,13.9399995803833,13.949999809265137,439800,0,0
2021-02-22,13.899999618530273,14.0,13.640000343322754,13.699999809265137,421000,0,0
2021-02-23,13.1899995803833,13.430000305175781,12.550000190734863,13.279999732971191,853200,0,0
2021-02-24,13.149999618530273,13.199999809265137,12.819999694824219,12.930000305175781,478300,0,0
2021-02-25,12.829999923706055,12.989999771118164,12.5,12.550000190734863,587100,0,0
2021-02-26,12.5600004196167,13.069999694824219,12.5,12.880000114440918,2119500,0,0
2021-03-01,13.0,13.069999694824219,12.770000457763672,12.8100004196167,1569800,0,0
2021-03-02,12.8100004196167,12.869999885559082,12.100000381469727,12.210000038146973,702000,0,0
2021-03-03,12.0,12.630000114440918,11.510000228881836,12.399999618530273,1066600,0,0
2021-03-04,12.350000381469727,12.5600004196167,11.145999908447266,12.100000381469727,2333800,0,0
2021-03-05,12.0,12.019000053405762,11.25,11.989999771118164,923600,0,0
2021-03-08,12.029999732971191,12.029999732971191,11.369999885559082,11.470000267028809,234500,0,0
2021-03-09,11.40999984741211,11.630000114440918,11.300000190734863,11.470000267028809,527500,0,0
2021-03-10,11.800000190734863,11.800000190734863,11.510000228881836,11.583000183105469,229500,0,0
2021-03-11,11.850000381469727,12.050000190734863,11.739999771118164,12.029999732971191,438800,0,0
2021-03-12,11.880000114440918,12.050000190734863,11.699999809265137,12.010000228881836,92500,0,0
2021-03-15,12.010000228881836,12.010000228881836,11.819999694824219,11.819999694824219,114500,0,0
2021-03-16,11.899999618530273,11.949999809265137,11.5,11.510000228881836,164000,0,0
2021-03-17,11.5,11.899999618530273,11.449999809265137,11.819999694824219,99800,0,0
2021-03-18,11.819999694824219,11.819999694824219,11.420000076293945,11.420000076293945,122100,0,0
2021-03-19,11.420000076293945,11.520000457763672,11.289999961853027,11.3100004196167,149000,0,0
2021-03-22,11.479999542236328,11.520000457763672,11.380000114440918,11.420000076293945,80100,0,0
2021-03-23,11.289999961853027,11.399999618530273,11.029999732971191,11.050000190734863,131100,0,0
2021-03-24,11.0600004196167,11.130000114440918,10.640000343322754,10.645000457763672,381000,0,0
2021-03-25,10.550000190734863,10.779999732971191,10.449999809265137,10.600000381469727,266500,0,0
2021-03-26,10.680000305175781,10.739999771118164,10.369999885559082,10.479999542236328,1067200,0,0
2021-03-29,10.510000228881836,10.59000015258789,10.354999542236328,10.380000114440918,723000,0,0
2021-03-30,10.350000381469727,10.494999885559082,10.350000381469727,10.430000305175781,358000,0,0
2021-03-31,10.59000015258789,10.649999618530273,10.449999809265137,10.5600004196167,187500,0,0
2021-04-01,10.609999656677246,10.779999732971191,10.510000228881836,10.760000228881836,304000,0,0
2021-04-05,10.770000457763672,10.92300033569336,10.583999633789062,10.8100004196167,212300,0,0
2021-04-06,10.800000190734863,10.819999694824219,10.619999885559082,10.680000305175781,88400,0,0
2021-04-07,10.680000305175781,10.770000457763672,10.600000381469727,10.630000114440918,96600,0,0
2021-04-08,10.600000381469727,10.786999702453613,10.600000381469727,10.779999732971191,49100,0,0
2021-04-09,10.800000190734863,11.029999732971191,10.800000190734863,10.869999885559082,57000,0,0
2021-04-12,10.819999694824219,10.925000190734863,10.680000305175781,10.8100004196167,76200,0,0
2021-04-13,10.710000038146973,10.800000190734863,10.640000343322754,10.760000228881836,89200,0,0
2021-04-14,10.657999992370605,10.859999656677246,10.657999992370605,10.829999923706055,52900,0,0
2021-04-15,10.609999656677246,10.899999618530273,10.609999656677246,10.75,352200,0,0
2021-04-16,10.670000076293945,10.75,10.619999885559082,10.649999618530273,77900,0,0
2021-04-19,10.529999732971191,10.729999542236328,10.529999732971191,10.550000190734863,174900,0,0
2021-04-20,10.5,10.649999618530273,10.420000076293945,10.449999809265137,414600,0,0
2021-04-21,10.430000305175781,10.5,10.420000076293945,10.430000305175781,400900,0,0
2021-04-22,10.529999732971191,10.529999732971191,10.399999618530273,10.4350004196167,238400,0,0
2021-04-23,10.420000076293945,10.640000343322754,10.420000076293945,10.520000457763672,345400,0,0
2021-04-26,10.600000381469727,10.600000381469727,10.475000381469727,10.479999542236328,173600,0,0
2021-04-27,10.470000267028809,10.600000381469727,10.470000267028809,10.520000457763672,143800,0,0
2021-04-28,10.59000015258789,10.59000015258789,10.479999542236328,10.510000228881836,72100,0,0
2021-04-29,10.539999961853027,10.579999923706055,10.470000267028809,10.489999771118164,37400,0,0
2021-04-30,10.420000076293945,10.529999732971191,10.420000076293945,10.520000457763672,79600,0,0
2021-05-03,10.479999542236328,10.531999588012695,10.475000381469727,10.489999771118164,79500,0,0
2021-05-04,10.449999809265137,10.5,10.425000190734863,10.430000305175781,170100,0,0
2021-05-05,10.420000076293945,10.449999809265137,10.399999618530273,10.420000076293945,168900,0,0
2021-05-06,10.369999885559082,10.420000076293945,10.359999656677246,10.380000114440918,195300,0,0
2021-05-07,10.359999656677246,10.444999694824219,10.350000381469727,10.350000381469727,154700,0,0
2021-05-10,10.350000381469727,10.399999618530273,10.3100004196167,10.3100004196167,180000,0,0
2021-05-11,10.25,10.319999694824219,10.220000267028809,10.220000267028809,292500,0,0
2021-05-12,10.199999809265137,10.277999877929688,10.199999809265137,10.220000267028809,101700,0,0
2021-05-13,10.15999984741211,10.220000267028809,10.020000457763672,10.09000015258789,2569200,0,0
2021-05-14,10.149999618530273,10.199999809265137,10.125,10.180000305175781,40500,0,0
2021-05-17,10.199999809265137,10.25,10.180000305175781,10.1899995803833,35700,0,0
2021-05-18,10.1899995803833,10.270000457763672,10.1899995803833,10.220000267028809,114800,0,0
2021-05-19,10.130000114440918,10.270000457763672,10.130000114440918,10.239999771118164,30200,0,0
2021-05-20,10.229999542236328,10.300000190734863,10.225000381469727,10.25,51600,0,0
2021-05-21,10.229999542236328,10.303000450134277,10.229999542236328,10.260000228881836,20300,0,0
2021-05-24,10.239999771118164,10.300000190734863,10.229999542236328,10.25,29000,0,0
2021-05-25,10.229999542236328,10.279999732971191,10.210000038146973,10.225000381469727,33100,0,0
2021-05-26,10.1899995803833,10.270000457763672,10.140000343322754,10.239999771118164,62400,0,0
2021-05-27,10.300000190734863,10.300000190734863,10.210000038146973,10.220000267028809,39000,0,0
2021-05-28,10.25,10.300000190734863,10.220000267028809,10.279999732971191,19700,0,0
2021-06-01,10.279999732971191,10.279999732971191,10.210000038146973,10.239999771118164,63000,0,0
2021-06-02,10.239999771118164,10.25,10.199999809265137,10.21500015258789,28300,0,0
2021-06-03,10.199999809265137,10.25,10.199999809265137,10.199999809265137,42100,0,0
2021-06-04,10.210000038146973,10.210000038146973,10.09000015258789,10.130000114440918,778100,0,0
2021-06-07,10.199999809265137,10.199999809265137,10.130000114440918,10.149999618530273,63900,0,0
2021-06-08,10.1899995803833,10.239999771118164,10.161999702453613,10.170000076293945,113600,0,0
2021-06-09,10.229999542236328,10.281000137329102,10.170000076293945,10.170000076293945,145800,0,0
2021-06-10,10.149999618530273,10.265000343322754,10.149999618530273,10.239999771118164,105800,0,0
2021-06-11,10.210000038146973,10.26200008392334,10.199999809265137,10.220000267028809,78300,0,0
2021-06-14,10.229999542236328,10.244999885559082,10.170000076293945,10.180000305175781,331800,0,0
2021-06-15,10.180000305175781,10.25,10.180000305175781,10.239999771118164,139000,0,0
2021-06-16,10.199999809265137,10.234000205993652,10.199999809265137,10.210000038146973,31900,0,0
2021-06-17,10.180000305175781,10.229999542236328,10.180000305175781,10.1899995803833,16400,0,0
2021-06-18,10.199999809265137,10.229999542236328,10.170000076293945,10.170000076293945,37800,0,0
2021-06-21,10.170000076293945,10.175000190734863,10.149999618530273,10.149999618530273,24800,0,0
2021-06-22,10.119999885559082,10.25,10.119999885559082,10.220000267028809,28700,0,0
2021-06-23,10.1899995803833,10.229999542236328,10.15999984741211,10.15999984741211,28800,0,0
2021-06-24,10.170000076293945,10.194999694824219,10.149999618530273,10.170000076293945,47200,0,0
2021-06-25,10.175000190734863,10.210000038146973,10.170000076293945,10.1899995803833,39600,0,0
2021-06-28,10.180000305175781,10.210000038146973,10.170000076293945,10.170000076293945,25500,0,0
2021-06-29,10.119999885559082,10.194000244140625,10.119999885559082,10.170000076293945,16400,0,0
2021-06-30,10.180000305175781,10.190999984741211,10.15999984741211,10.170000076293945,94500,0,0
2021-07-01,10.119999885559082,10.1899995803833,10.119999885559082,10.149999618530273,406800,0,0
2021-07-02,10.149999618530273,10.199999809265137,10.140000343322754,10.180000305175781,32900,0,0
2021-07-06,10.149999618530273,10.1899995803833,10.140000343322754,10.180000305175781,158000,0,0
2021-07-07,10.149999618530273,10.1899995803833,10.130000114440918,10.180000305175781,61400,0,0
2021-07-08,10.125,10.210000038146973,10.109999656677246,10.149999618530273,51400,0,0
2021-07-09,10.109999656677246,10.25,10.109999656677246,10.220000267028809,146900,0,0
2021-07-12,10.210000038146973,10.220000267028809,10.170999526977539,10.199999809265137,30500,0,0
2021-07-13,10.180000305175781,10.239999771118164,10.15999984741211,10.170000076293945,60300,0,0
2021-07-14,10.199999809265137,10.199999809265137,10.109999656677246,10.140000343322754,89800,0,0
2021-07-15,10.149999618530273,10.149999618530273,10.109999656677246,10.140000343322754,29900,0,0
2021-07-16,10.100000381469727,10.180000305175781,10.100000381469727,10.140000343322754,40900,0,0
2021-07-19,10.109999656677246,10.145000457763672,10.104999542236328,10.119999885559082,96100,0,0
2021-07-20,10.121000289916992,10.140000343322754,10.109999656677246,10.140000343322754,27400,0,0
2021-07-21,10.109999656677246,10.180000305175781,10.109999656677246,10.130000114440918,37600,0,0
2021-07-22,10.140000343322754,10.15999984741211,10.119999885559082,10.119999885559082,19900,0,0
2021-07-23,10.109999656677246,10.15999984741211,10.10099983215332,10.15999984741211,70200,0,0
2021-07-26,10.130000114440918,10.140000343322754,10.069999694824219,10.069999694824219,264500,0,0
2021-07-27,10.069999694824219,10.079999923706055,10.0,10.039999961853027,396100,0,0
2021-07-28,10.020000457763672,10.039999961853027,10.0,10.0,332300,0,0
2021-07-29,9.989999771118164,10.020000457763672,9.989999771118164,10.0,351300,0,0
2021-07-30,10.0,10.010000228881836,9.989999771118164,9.989999771118164,141800,0,0
2021-08-02,10.0,10.01099967956543,9.989999771118164,9.989999771118164,171200,0,0
2021-08-03,10.0,10.029999732971191,9.979999542236328,9.994999885559082,71000,0,0
2021-08-04,9.989999771118164,10.020000457763672,9.979999542236328,9.979999542236328,41000,0,0
2021-08-05,9.979999542236328,9.994000434875488,9.960000038146973,9.979999542236328,47500,0,0
2021-08-06,9.970000267028809,9.979999542236328,9.960000038146973,9.979999542236328,35000,0,0
2021-08-09,9.979999542236328,9.979999542236328,9.954999923706055,9.960000038146973,87800,0,0
2021-08-10,9.949999809265137,10.0,9.9399995803833,9.970000267028809,136400,0,0
2021-08-11,9.960000038146973,10.0,9.960000038146973,9.979999542236328,30400,0,0
2021-08-12,9.970000267028809,9.984999656677246,9.960000038146973,9.979999542236328,15900,0,0
2021-08-13,9.920000076293945,9.989999771118164,9.920000076293945,9.970000267028809,28300,0,0
2021-08-16,9.979999542236328,9.979999542236328,9.930000305175781,9.949999809265137,60400,0,0
2021-08-17,9.9399995803833,9.970000267028809,9.930000305175781,9.96399974822998,57200,0,0
2021-08-18,9.899999618530273,9.979999542236328,9.899999618530273,9.960000038146973,190200,0,0
2021-08-19,9.960000038146973,10.029999732971191,9.899999618530273,9.930000305175781,223300,0,0
2021-08-20,9.899999618530273,9.9350004196167,9.899999618530273,9.90999984741211,148100,0,0
2021-08-23,9.899999618530273,9.923999786376953,9.890000343322754,9.890000343322754,52400,0,0
2021-08-24,9.880000114440918,9.925000190734863,9.880000114440918,9.90999984741211,1705500,0,0
2021-08-25,9.90999984741211,9.9399995803833,9.869999885559082,9.869999885559082,31800,0,0
2021-08-26,9.859999656677246,9.930000305175781,9.859999656677246,9.899999618530273,16800,0,0
2021-08-27,9.899999618530273,9.920000076293945,9.850000381469727,9.869999885559082,348400,0,0
2021-08-30,9.859999656677246,9.90999984741211,9.859999656677246,9.859999656677246,349600,0,0
2021-08-31,9.880000114440918,9.899999618530273,9.869999885559082,9.890000343322754,328400,0,0
2021-09-01,9.899999618530273,9.90999984741211,9.880000114440918,9.890000343322754,367200,0,0
2021-09-02,9.890000343322754,9.90999984741211,9.880000114440918,9.890000343322754,424100,0,0
2021-09-03,9.920000076293945,9.920000076293945,9.869999885559082,9.899999618530273,345600,0,0
2021-09-07,9.899999618530273,9.930000305175781,9.890000343322754,9.899999618530273,434200,0,0
2021-09-08,9.869999885559082,9.90999984741211,9.869999885559082,9.890000343322754,385300,0,0
2021-09-09,9.890000343322754,9.979999542236328,9.890000343322754,9.899999618530273,262200,0,0
2021-09-10,9.920000076293945,9.920000076293945,9.899999618530273,9.90999984741211,181500,0,0
2021-09-13,9.899999618530273,9.970000267028809,9.899999618530273,9.9399995803833,21800,0,0
2021-09-14,9.960000038146973,10.0,9.949999809265137,9.949999809265137,40400,0,0
2021-09-15,9.949999809265137,10.0,9.949999809265137,9.960000038146973,14000,0,0
2021-09-16,9.970000267028809,9.970000267028809,9.890000343322754,9.949999809265137,52300,0,0
2021-09-17,9.949999809265137,9.989999771118164,9.90999984741211,9.979999542236328,24300,0,0
2021-09-20,9.949999809265137,9.979999542236328,9.930000305175781,9.9399995803833,59400,0,0
2021-09-21,9.930000305175781,9.979999542236328,9.899999618530273,9.920000076293945,361600,0,0
2021-09-22,9.90999984741211,9.9399995803833,9.880000114440918,9.90999984741211,358700,0,0
2021-09-23,9.90999984741211,9.954999923706055,9.90999984741211,9.920000076293945,44200,0,0
2021-09-24,9.939000129699707,9.949999809265137,9.920000076293945,9.920000076293945,126000,0,0
2021-09-27,9.920000076293945,9.970000267028809,9.920000076293945,9.9399995803833,40100,0,0
2021-09-28,9.90999984741211,9.949999809265137,9.90999984741211,9.949999809265137,54400,0,0
2021-09-29,9.899999618530273,9.970000267028809,9.899999618530273,9.9399995803833,33800,0,0
2021-09-30,9.947999954223633,10.010000228881836,9.920000076293945,9.9399995803833,370300,0,0
2021-10-01,9.920000076293945,9.970000267028809,9.859999656677246,9.949999809265137,332200,0,0
2021-10-04,9.949999809265137,9.989999771118164,9.930000305175781,9.960000038146973,401800,0,0
2021-10-05,9.930000305175781,9.979999542236328,9.930000305175781,9.960000038146973,355100,0,0
2021-10-06,9.920000076293945,9.989999771118164,9.90999984741211,9.970000267028809,340200,0,0
2021-10-07,9.979999542236328,9.979999542236328,9.949999809265137,9.970000267028809,350900,0,0
2021-10-08,9.979999542236328,9.984999656677246,9.960000038146973,9.970000267028809,364200,0,0
2021-10-11,9.970000267028809,9.979999542236328,9.949999809265137,9.970000267028809,338800,0,0
2021-10-12,9.970000267028809,9.979999542236328,9.960000038146973,9.975000381469727,21200,0,0
2021-10-13,9.970000267028809,9.989999771118164,9.949999809265137,9.960000038146973,54000,0,0
2021-10-14,9.979999542236328,10.020000457763672,9.949999809265137,10.020000457763672,47200,0,0
2021-10-15,9.989999771118164,10.039999961853027,9.979999542236328,10.020000457763672,10800,0,0
2021-10-18,10.020000457763672,10.071999549865723,9.989999771118164,9.989999771118164,21600,0,0
2021-10-19,10.0,10.050000190734863,9.98799991607666,10.050000190734863,30500,0,0
2021-10-20,10.020000457763672,10.0600004196167,10.0,10.020000457763672,41500,0,0
2021-10-21,10.010000228881836,10.069999694824219,10.010000228881836,10.050000190734863,30800,0,0
2021-10-22,10.0,10.0600004196167,10.0,10.020000457763672,49600,0,0
2021-10-25,10.0,10.039999961853027,10.0,10.029999732971191,48600,0,0
2021-10-26,10.079000473022461,10.128000259399414,10.069999694824219,10.121999740600586,11800,0,0
2021-10-27,10.09000015258789,10.10200023651123,10.0600004196167,10.069999694824219,52200,0,0
2021-10-28,10.069999694824219,10.119999885559082,10.0600004196167,10.069999694824219,10800,0,0
2021-10-29,10.0600004196167,10.319999694824219,10.0600004196167,10.220000267028809,19900,0,0
2021-11-01,10.399999618530273,10.5,10.239999771118164,10.329999923706055,13100,0,0
2021-11-02,10.395000457763672,10.4399995803833,10.329999923706055,10.4399995803833,15900,0,0
2021-11-03,10.380000114440918,10.529999732971191,10.329999923706055,10.489999771118164,11200,0,0
2021-11-04,10.420000076293945,10.5600004196167,10.359999656677246,10.359999656677246,11900,0,0
2021-11-05,10.354999542236328,10.380000114440918,10.260000228881836,10.260000228881836,12600,0,0
2021-11-08,10.260000228881836,10.281000137329102,10.220000267028809,10.220000267028809,116800,0,0
2021-11-09,10.1899995803833,10.329000473022461,10.170000076293945,10.260000228881836,61100,0,0
2021-11-10,10.260000228881836,10.319999694824219,10.25,10.289999961853027,131700,0,0
2021-11-11,10.279999732971191,10.300000190734863,10.260000228881836,10.300000190734863,53700,0,0
2021-11-12,10.279999732971191,10.300000190734863,10.25,10.289999961853027,19200,0,0
2021-11-15,10.260000228881836,11.289999961853027,10.239999771118164,11.0600004196167,393100,0,0
2021-11-16,10.899999618530273,10.899999618530273,10.510000228881836,10.640000343322754,39400,0,0
2021-11-17,10.699999809265137,10.829999923706055,10.6899995803833,10.710000038146973,9100,0,0
2021-11-18,10.711000442504883,10.765000343322754,10.600000381469727,10.699999809265137,7400,0,0
2021-11-19,10.699999809265137,10.699999809265137,10.550000190734863,10.550000190734863,21800,0,0
2021-11-22,10.489999771118164,10.550000190734863,10.319999694824219,10.5,20300,0,0
2021-11-23,10.369999885559082,10.569999694824219,10.369999885559082,10.4399995803833,45300,0,0
2021-11-24,10.399999618530273,10.510000228881836,10.399999618530273,10.479999542236328,27800,0,0
2021-11-26,10.350000381469727,10.4399995803833,10.350000381469727,10.4399995803833,12300,0,0
2021-11-29,10.289999961853027,10.505000114440918,10.289999961853027,10.390000343322754,16900,0,0
2021-11-30,10.40999984741211,10.40999984741211,10.303999900817871,10.329999923706055,23000,0,0
2021-12-01,10.34000015258789,10.350000381469727,10.289999961853027,10.289999961853027,12500,0,0
2021-12-02,8.270000457763672,10.329999923706055,8.270000457763672,10.279999732971191,93400,0,0
2021-12-03,10.239999771118164,10.329999923706055,10.229999542236328,10.239999771118164,53700,0,0
2021-12-06,10.210000038146973,10.210000038146973,10.149999618530273,10.149999618530273,50200,0,0
2021-12-07,10.149999618530273,10.220000267028809,10.149999618530273,10.199999809265137,73000,0,0
2021-12-08,10.199999809265137,10.470000267028809,10.180000305175781,10.359999656677246,17900,0,0
2021-12-09,10.359999656677246,10.460000038146973,10.300000190734863,10.460000038146973,17700,0,0
2021-12-10,10.40999984741211,10.430000305175781,10.329999923706055,10.350000381469727,18300,0,0
2021-12-13,10.279999732971191,10.3100004196167,10.25,10.25,62800,0,0
2021-12-14,10.170000076293945,10.25,10.15999984741211,10.210000038146973,113600,0,0
2021-12-15,10.170000076293945,10.270000457763672,10.170000076293945,10.239999771118164,21200,0,0
2021-12-16,10.210000038146973,10.234999656677246,10.180000305175781,10.1899995803833,12100,0,0
2021-12-17,10.15999984741211,10.295000076293945,10.15999984741211,10.229999542236328,13000,0,0
2021-12-20,10.149999618530273,10.300000190734863,10.149999618530273,10.25,32700,0,0
2021-12-21,10.220000267028809,10.25100040435791,10.220000267028809,10.25,16900,0,0
2021-12-22,10.225000381469727,10.300000190734863,10.210000038146973,10.255999565124512,11200,0,0
2021-12-23,10.1899995803833,10.25,10.15999984741211,10.170000076293945,60800,0,0
2021-12-27,10.149999618530273,10.199999809265137,10.149999618530273,10.15999984741211,29000,0,0
2021-12-28,10.149999618530273,10.329999923706055,10.149999618530273,10.329999923706055,40300,0,0
2021-12-29,10.239999771118164,10.34000015258789,10.239999771118164,10.319999694824219,39700,0,0
2021-12-30,10.279999732971191,10.350000381469727,10.260000228881836,10.350000381469727,23300,0,0
2021-12-31,10.260000228881836,10.350000381469727,10.210000038146973,10.279999732971191,43700,0,0
2022-01-03,10.3100004196167,10.390000343322754,10.300000190734863,10.350000381469727,11700,0,0
2022-01-04,10.279999732971191,10.399999618530273,10.260000228881836,10.319999694824219,20900,0,0
2022-01-05,10.260000228881836,10.300000190734863,10.25,10.25,40100,0,0
2022-01-06,10.199999809265137,10.220000267028809,10.180000305175781,10.180000305175781,19100,0,0
2022-01-07,10.170000076293945,10.270000457763672,10.170000076293945,10.170000076293945,15300,0,0
2022-01-10,10.100000381469727,10.1899995803833,10.09000015258789,10.170000076293945,39500,0,0
2022-01-11,10.170000076293945,10.180000305175781,10.149999618530273,10.180000305175781,4800,0,0
2022-01-12,10.180000305175781,10.199999809265137,10.140000343322754,10.140000343322754,9800,0,0
2022-01-13,10.079999923706055,10.119999885559082,10.079999923706055,10.100000381469727,5500,0,0
2022-01-14,10.050000190734863,10.109999656677246,10.050000190734863,10.09000015258789,5600,0,0
2022-01-18,10.010000228881836,10.100000381469727,10.010000228881836,10.010000228881836,47800,0,0
2022-01-19,10.0,10.039999961853027,10.0,10.010000228881836,26000,0,0
2022-01-20,9.970000267028809,10.039999961853027,9.970000267028809,9.979999542236328,24000,0,0
2022-01-21,9.9399995803833,9.949999809265137,9.899999618530273,9.902999877929688,71200,0,0
2022-01-24,9.800000190734863,9.890000343322754,9.800000190734863,9.869999885559082,84000,0,0
2022-01-25,9.869999885559082,9.9399995803833,9.819999694824219,9.890000343322754,24700,0,0
2022-01-26,9.920000076293945,9.920000076293945,9.859999656677246,9.899999618530273,8400,0,0
2022-01-27,9.899999618530273,9.9399995803833,9.869999885559082,9.880000114440918,22400,0,0
2022-01-28,9.84000015258789,9.890000343322754,9.84000015258789,9.890000343322754,187500,0,0
2022-01-31,9.866000175476074,9.920000076293945,9.859999656677246,9.920000076293945,26000,0,0
2022-02-01,9.920000076293945,9.9350004196167,9.890000343322754,9.9350004196167,13900,0,0
2022-02-02,9.9399995803833,9.960000038146973,9.899999618530273,9.930000305175781,35800,0,0
2022-02-03,9.901000022888184,9.940999984741211,9.901000022888184,9.914999961853027,19400,0,0
2022-02-04,9.880000114440918,9.90999984741211,9.869999885559082,9.90999984741211,57200,0,0
2022-02-07,9.880000114440918,9.920000076293945,9.880000114440918,9.899999618530273,3100,0,0
2022-02-08,9.9399995803833,9.960000038146973,9.911999702453613,9.930000305175781,6600,0,0
2022-02-09,9.899999618530273,9.9399995803833,9.899999618530273,9.914999961853027,34800,0,0
2022-02-10,9.899999618530273,9.930000305175781,9.899999618530273,9.914999961853027,16900,0,0
2022-02-11,9.899999618530273,9.920000076293945,9.899999618530273,9.90999984741211,4500,0,0
2022-02-14,9.899999618530273,9.920000076293945,9.890000343322754,9.904999732971191,13800,0,0
2022-02-15,9.90999984741211,9.90999984741211,9.890000343322754,9.899999618530273,7300,0,0
2022-02-16,9.890000343322754,9.90999984741211,9.859999656677246,9.90999984741211,13000,0,0
2022-02-17,9.904999732971191,9.920000076293945,9.899999618530273,9.913999557495117,4100,0,0
2022-02-18,9.899999618530273,9.911999702453613,9.869999885559082,9.899999618530273,11800,0,0
2022-02-22,9.850000381469727,9.899999618530273,9.850000381469727,9.880000114440918,6700,0,0
2022-02-23,9.869999885559082,9.899999618530273,9.869999885559082,9.890000343322754,47900,0,0
2022-02-24,9.819999694824219,9.869999885559082,9.819999694824219,9.864999771118164,27600,0,0
2022-02-25,9.850000381469727,9.890999794006348,9.850000381469727,9.878000259399414,7500,0,0
2022-02-28,9.857999801635742,9.880000114440918,9.850000381469727,9.869999885559082,6300,0,0
2022-03-01,9.869999885559082,9.885000228881836,9.850000381469727,9.869999885559082,9500,0,0
2022-03-02,9.850000381469727,9.899999618530273,9.850000381469727,9.899999618530273,1208700,0,0
2022-03-03,9.880000114440918,9.899999618530273,9.880000114440918,9.888999938964844,108100,0,0
2022-03-04,9.859999656677246,9.890000343322754,9.859999656677246,9.880000114440918,18900,0,0
2022-03-07,9.789999961853027,9.880000114440918,9.789999961853027,9.859999656677246,459900,0,0
2022-03-08,9.880000114440918,9.880000114440918,9.850000381469727,9.86299991607666,2013500,0,0
2022-03-09,9.850000381469727,9.869999885559082,9.850000381469727,9.869000434875488,18200,0,0
2022-03-10,9.859999656677246,9.866000175476074,9.850000381469727,9.859999656677246,17600,0,0
2022-03-11,9.850000381469727,9.880000114440918,9.850000381469727,9.859999656677246,58900,0,0
2022-03-14,9.829999923706055,9.880000114440918,9.829999923706055,9.869999885559082,41800,0,0
2022-03-15,9.829999923706055,9.869999885559082,9.829999923706055,9.859999656677246,27400,0,0
2022-03-16,9.829999923706055,9.880000114440918,9.829999923706055,9.869999885559082,27200,0,0
2022-03-17,9.850000381469727,9.869999885559082,9.850000381469727,9.869999885559082,1800,0,0
2022-03-18,9.859999656677246,9.880000114440918,9.859999656677246,9.880000114440918,5000,0,0
2022-03-21,9.829999923706055,9.880000114440918,9.829999923706055,9.869999885559082,2100,0,0
2022-03-22,9.880000114440918,9.890000343322754,9.869999885559082,9.880000114440918,15600,0,0
2022-03-23,9.859999656677246,9.890000343322754,9.859999656677246,9.880000114440918,6400,0,0
2022-03-24,9.869999885559082,9.890000343322754,9.869999885559082,9.880000114440918,10200,0,0
2022-03-25,9.880000114440918,9.907999992370605,9.869999885559082,9.904000282287598,5000,0,0
2022-03-28,9.859999656677246,9.899999618530273,9.859999656677246,9.899999618530273,19900,0,0
2022-03-29,9.880000114440918,9.90999984741211,9.880000114440918,9.880000114440918,18400,0,0
2022-03-30,9.859999656677246,9.90999984741211,9.859999656677246,9.904999732971191,15900,0,0
2022-03-31,9.899999618530273,9.930000305175781,9.899999618530273,9.913000106811523,8200,0,0
2022-04-01,9.895000457763672,9.90999984741211,9.880000114440918,9.90999984741211,3100,0,0
2022-04-04,9.899999618530273,9.920000076293945,9.890000343322754,9.904000282287598,18800,0,0
2022-04-05,9.890000343322754,9.904999732971191,9.890000343322754,9.901000022888184,1000,0,0
2022-04-06,9.890000343322754,9.920000076293945,9.890000343322754,9.918999671936035,8900,0,0
2022-04-07,9.914999961853027,9.920000076293945,9.90999984741211,9.90999984741211,3100,0,0
2022-04-08,9.920000076293945,9.930000305175781,9.920000076293945,9.930000305175781,6900,0,0
2022-04-11,9.920000076293945,9.930000305175781,9.90999984741211,9.930000305175781,18100,0,0
2022-04-12,9.892000198364258,9.932000160217285,9.892000198364258,9.932000160217285,2300,0,0
2022-04-13,9.930000305175781,9.949999809265137,9.927000045776367,9.949999809265137,13300,0,0
2022-04-14,9.949999809265137,9.961000442504883,9.949999809265137,9.961000442504883,12500,0,0
2022-04-18,9.890000343322754,9.954999923706055,9.890000343322754,9.944999694824219,8700,0,0
2022-04-19,9.899999618530273,9.960000038146973,9.899999618530273,9.960000038146973,20300,0,0
2022-04-20,9.951000213623047,9.954999923706055,9.932000160217285,9.949999809265137,16200,0,0
2022-04-21,9.899999618530273,9.960000038146973,9.899999618530273,9.949999809265137,8200,0,0
2022-04-22,9.970000267028809,9.979999542236328,9.970000267028809,9.970000267028809,14400,0,0
2022-04-25,9.949999809265137,9.960000038146973,9.920000076293945,9.958000183105469,8200,0,0
2022-04-26,9.954999923706055,9.960000038146973,9.9399995803833,9.949999809265137,4200,0,0
2022-04-27,9.90999984741211,9.954999923706055,9.90999984741211,9.954000473022461,17600,0,0
2022-04-28,9.949999809265137,9.970000267028809,9.930000305175781,9.930000305175781,7300,0,0
2022-04-29,9.949999809265137,9.968000411987305,9.930000305175781,9.9399995803833,6600,0,0
2022-05-02,9.899999618530273,9.960000038146973,9.899999618530273,9.920000076293945,32900,0,0
2022-05-03,9.90999984741211,9.9350004196167,9.90999984741211,9.930000305175781,7500,0,0
2022-05-04,9.930000305175781,9.949999809265137,9.920000076293945,9.930000305175781,25600,0,0
2022-05-05,9.930000305175781,9.949999809265137,9.920000076293945,9.920000076293945,7700,0,0
2022-05-06,9.930000305175781,9.9399995803833,9.899999618530273,9.913999557495117,25200,0,0
2022-05-09,9.880000114440918,9.92199993133545,9.864999771118164,9.920000076293945,50100,0,0
2022-05-10,9.859999656677246,9.920000076293945,9.859999656677246,9.885000228881836,32400,0,0
2022-05-11,9.989999771118164,10.1899995803833,9.845000267028809,9.850000381469727,38600,0,0
2022-05-12,9.84000015258789,9.859999656677246,9.84000015258789,9.854999542236328,31800,0,0
2022-05-13,9.829999923706055,9.850000381469727,9.829999923706055,9.84000015258789,12100,0,0
2022-05-16,9.84000015258789,9.854999542236328,9.84000015258789,9.84000015258789,15800,0,0
2022-05-17,9.829999923706055,9.859999656677246,9.829999923706055,9.84000015258789,52800,0,0
2022-05-18,9.850000381469727,9.850000381469727,9.829999923706055,9.829999923706055,43300,0,0
2022-05-19,9.819999694824219,9.859999656677246,9.819999694824219,9.854999542236328,19700,0,0
2022-05-20,9.84000015258789,9.890000343322754,9.84000015258789,9.850000381469727,51300,0,0
2022-05-23,9.84000015258789,9.869000434875488,9.84000015258789,9.859999656677246,12800,0,0
2022-05-24,9.850000381469727,9.869999885559082,9.850000381469727,9.859999656677246,47800,0,0
2022-05-25,9.850000381469727,9.875,9.850000381469727,9.869999885559082,52700,0,0
2022-05-26,9.869999885559082,9.876999855041504,9.850000381469727,9.876999855041504,972400,0,0
2022-05-27,9.869999885559082,9.880000114440918,9.859999656677246,9.880000114440918,60300,0,0
2022-05-31,9.850000381469727,9.880000114440918,9.850000381469727,9.871999740600586,3000,0,0
2022-06-01,9.869999885559082,9.880000114440918,9.869999885559082,9.880000114440918,7700,0,0
2022-06-02,9.869999885559082,9.890000343322754,9.869999885559082,9.869999885559082,7800,0,0
2022-06-03,9.869999885559082,9.904999732971191,9.869999885559082,9.899999618530273,11400,0,0
2022-06-06,9.880999565124512,9.895000457763672,9.880000114440918,9.883999824523926,38600,0,0
2022-06-07,9.883999824523926,9.883999824523926,9.883999824523926,9.883999824523926,0,0,0
2022-06-08,9.890000343322754,9.894000053405762,9.890000343322754,9.890000343322754,2700,0,0
2022-06-09,9.920000076293945,9.920000076293945,9.880000114440918,9.899999618530273,11700,0,0
2022-06-10,9.880000114440918,9.899999618530273,9.880000114440918,9.885000228881836,4700,0,0
2022-06-13,9.869999885559082,9.899999618530273,9.869999885559082,9.880000114440918,41600,0,0
2022-06-14,9.880000114440918,9.90999984741211,9.859999656677246,9.859999656677246,16600,0,0
2022-06-15,9.850000381469727,9.880000114440918,9.850000381469727,9.850000381469727,8300,0,0
2022-06-16,9.850000381469727,9.890000343322754,9.850000381469727,9.890000343322754,10200,0,0
2022-06-17,9.850000381469727,9.890000343322754,9.850000381469727,9.890000343322754,3800,0,0
